book,total_tokens,adverb_tokens,adverbs_per_10k_tokens
War_and_Peace,580109,20076,346.07289319765766
Anna_Karenina,352018,13727,389.95165019970574
