book,male_count,female_count,male_per10k,female_per10k
War_and_Peace,28208,10890,486.2534454731783,187.72334164786272
Anna_Karenina,17947,11282,509.83188359686153,320.49497468879434
